keyword,cluster,target_page,intent,status
best ai receptionist for roofing companies,industry-best,compare/best-ai-receptionist-roofing.html,transactional,published
best ai receptionist for dental practices,industry-best,compare/best-ai-receptionist-dental.html,transactional,published
best ai receptionist for real estate agents,industry-best,compare/best-ai-receptionist-real-estate.html,transactional,published
gohighlevel vs votel,vs,compare/gohighlevel-vs-votel.html,comparison,published
gohighlevel alternatives,alternatives,compare/gohighlevel-vs-votel.html,comparison,published
gohighlevel review,review,reviews/gohighlevel.html,transactional,published
missed call revenue calculator,tool,tools/missed-call-calculator.html,tool/navigational,published
how much do missed calls cost a business,tool,tools/missed-call-calculator.html,informational,published
ai receptionist for small business,category,compare/index.html,transactional,planned
best crm for contractors,industry-best,compare/best-crm-contractors.html,transactional,planned
how much does an ai receptionist cost,informational,compare/index.html,informational,planned
ai receptionist pricing comparison,comparison,compare/index.html,transactional,planned
lead response time calculator,tool,tools/lead-response-calculator.html,tool/navigational,published
cost of slow lead response time,tool,tools/lead-response-calculator.html,informational,published
how fast should you respond to leads,informational,tools/lead-response-calculator.html,informational,published
no show cost calculator,tool,tools/no-show-calculator.html,tool/navigational,published
how much do no shows cost a dental practice,informational,tools/no-show-calculator.html,informational,published
reduce appointment no shows,informational,tools/no-show-calculator.html,informational,published
podium vs birdeye,comparison,compare/podium-vs-birdeye-vs-nicejob.html,comparison,published
podium vs nicejob,comparison,compare/podium-vs-birdeye-vs-nicejob.html,comparison,published
best reputation management software for small business,category,compare/podium-vs-birdeye-vs-nicejob.html,transactional,published
close vs activecampaign,comparison,compare/close-vs-activecampaign-vs-hubspot.html,comparison,published
best crm for service business,category,compare/close-vs-activecampaign-vs-hubspot.html,transactional,published
activecampaign vs hubspot,comparison,compare/close-vs-activecampaign-vs-hubspot.html,comparison,published
ai phone answering service for roofers,industry-best,compare/best-ai-receptionist-roofing.html,transactional,published
roofing company missed call solution,industry-best,compare/best-ai-receptionist-roofing.html,informational,published
ai receptionist for dental office,industry-best,compare/best-ai-receptionist-dental.html,transactional,published
automated scheduling for dental practice,industry-best,compare/best-ai-receptionist-dental.html,informational,published
ai answering service for realtors,industry-best,compare/best-ai-receptionist-real-estate.html,transactional,published
virtual receptionist for real estate agents,industry-best,compare/best-ai-receptionist-real-estate.html,transactional,published
gohighlevel pricing,vs,compare/gohighlevel-vs-votel.html,transactional,published
is gohighlevel worth it,review,reviews/gohighlevel.html,informational,published
gohighlevel affiliate program,informational,compare/gohighlevel-vs-votel.html,informational,published
votel ai review,review,compare/gohighlevel-vs-votel.html,informational,published
lost revenue from unanswered calls,tool,tools/missed-call-calculator.html,informational,published
ai receptionist roi calculator,tool,tools/missed-call-calculator.html,tool/navigational,published
speed to lead calculator,tool,tools/lead-response-calculator.html,tool/navigational,published
why is lead response time important,informational,tools/lead-response-calculator.html,informational,published
appointment no show rate by industry,informational,tools/no-show-calculator.html,informational,published
no show fee calculator,tool,tools/no-show-calculator.html,tool/navigational,published
best review management software,category,compare/podium-vs-birdeye-vs-nicejob.html,transactional,published
podium pricing,vs,compare/podium-vs-birdeye-vs-nicejob.html,transactional,published
birdeye vs podium comparison,comparison,compare/podium-vs-birdeye-vs-nicejob.html,comparison,published
best crm for small business owner,category,compare/close-vs-activecampaign-vs-hubspot.html,transactional,published
close crm pricing,vs,compare/close-vs-activecampaign-vs-hubspot.html,transactional,published
activecampaign vs close crm,comparison,compare/close-vs-activecampaign-vs-hubspot.html,comparison,published
best ai receptionist for hvac companies,industry-best,compare/best-ai-receptionist-hvac.html,transactional,planned
best ai receptionist for plumbers,industry-best,compare/best-ai-receptionist-plumbing.html,transactional,planned
best ai receptionist for law firms,industry-best,compare/best-ai-receptionist-law-firm.html,transactional,planned
